onset	duration	trial_type	value	sample
0.0	0.0	+0.000000	1	0
0.0	0.0	Segment: REC START Prater EEG	8	0
0.0	0.0	A1+A2 OFF	7	0
89.662	0.0	+90.000000	4	89662
89.662	0.0	onset TT1, PST1, MST	11	89662
97.781	0.0	+98.000000	5	97781
97.781	0.0	??clinical onset	6	97781
117.902	0.0	+118.000000	2	117902
117.902	0.0	clinical onset	9	117902
233.686	0.0	+234.000000	3	233686
233.686	0.0	offset with attenuta	10	233686