onset	duration	trial_type	value	sample
0.0	0.0	+0.000000	1	0
0.0	0.0	Segment: REC START Naula Ref	7	0
0.0	0.0	A1+A2 OFF	6	0
88.77600000000001	0.0	+88.912000	4	88776
88.77600000000001	0.0	onset	11	88776
92.33800000000001	0.0	+92.371000	5	92338
92.33800000000001	0.0	clincial osnet	8	92338
100.558	0.0	+100.829000	2	100558
100.558	0.0	fast temporal and fr	9	100558
119.73800000000001	0.0	+119.812000	3	119738
119.73800000000001	0.0	offset	10	119738