onset	duration	trial_type	value	sample
0.0	0.0	+0.000000	1	0
0.0	0.0	Segment: REC START Naula Ref	6	0
0.0	0.0	A1+A2 OFF	5	0
150.42600000000002	0.0	+150.513000	2	150426
150.42600000000002	0.0	onset	9	150426
159.46800000000002	0.0	+159.568000	3	159468
159.46800000000002	0.0	clinical onset	7	159468
212.35000000000002	0.0	+212.379000	4	212350
212.35000000000002	0.0	offset	8	212350