onset	duration	trial_type	value	sample
0.0	0.0	+0.000000	1	0
0.0	0.0	Segment: REC START Naula Ref	6	0
0.0	0.0	A1+A2 OFF	5	0
80.83000000000001	0.0	+80.920000	3	80830
80.83000000000001	0.0	onset	9	80830
89.05000000000001	0.0	+89.214000	4	89050
89.05000000000001	0.0	clinical onset	7	89050
144.39800000000002	0.0	+144.545000	2	144398
144.39800000000002	0.0	offset	8	144398