onset	duration	trial_type	value	sample
116.00041359633029	0.0	eeg sz start	2	118854
188.00023279816517	0.0	eeg sz end	1	192625