onset	duration	trial_type	value	sample
30.99815844537815	0.0	sz onset	2	7745
188.99871376470588	0.0	sz offset	1	47222