onset	duration	trial_type	value	sample
37.998259042016805	0.0	sz onset	2	9494
149.9998685882353	0.0	sz offset	1	37478