onset	duration	trial_type	value	sample
66.99924756302521	0.0	sz onset	2	16740
167.99841197478992	0.0	sz offset	1	41975