onset	duration	trial_type	value	sample
26.99981625210084	0.0	sz onset	2	6746
59.999146966386554	0.0	sz offset	1	14991