onset	duration	trial_type	value	sample
48.00011804201681	0.0	sz onset	2	11993
80.99944875630251	0.0	sz offset	1	20238