onset	duration	trial_type	value	sample
22.000887924369746	0.0	sz onset	2	5497
44.99835963865546	0.0	sz offset	1	11243