onset	duration	trial_type	value	sample
60.00027352941176	0.0	sz onset	2	59965
273.00049411764707	0.0	sz offset	1	272840