onset	duration	trial_type	value	sample
60.99986117647058	0.0	sz onset	2	60964
165.9995894117647	0.0	sz offset	1	165902