onset	duration	trial_type	value	sample
0.0	0.0	+0.000000	1	0
0.0	0.0	Segment: REC START SB-REF EEG	10	0
0.0	0.0	A1+A2 OFF	6	0
82.995	0.0	+82.999000	5	82995
82.995	0.0	Onset	8	82995
255.021	0.0	+255.147000	2	255021
255.021	0.0	can stick out tongue	12	255021
255.392	0.0	can say her name	11	255392
275.141	0.0	+275.485000	3	275141
275.141	0.0	Reads	9	275141
329.968	0.0	+330.405000	4	329968
329.968	0.0	Offset	7	329968