onset	duration	trial_type	value	sample
0.0	0.0	+0.000000	1	0
0.0	0.0	Segment: REC START Meyeroff E	9	0
0.0	0.0	A1+A2 OFF	6	0
134.865	0.0	+134.881000	2	134865
134.865	0.0	Seizure #4	10	134865
135.864	0.0	+136.143000	3	135864
135.864	0.0	Onset	8	135864
142.857	0.0	+143.009000	4	142857
142.857	0.0	definite TT, AST att	11	142857
362.304	0.0	+362.414000	5	362304
362.304	0.0	Offset	7	362304