onset	duration	trial_type	value	sample
60.99986117647058	0.0	sz onset	2	60964
148.00000764705882	0.0	sz offset	1	147913