onset	duration	trial_type	value	sample
0.0	0.0	+0.000000	1	0
0.0	0.0	Segment: REC START Temporal E	9	0
0.0	0.0	A1+A2 OFF	8	0
68.82	0.0	+69.085000	5	68820
68.82	0.0	?	7	68820
73.005	0.0	+73.297000	6	73005
73.005	0.0	onset TT3	13	73005
156.705	0.0	+156.759000	2	156705
156.705	0.0	laughs with TV	11	156705
305.505	0.0	+305.580000	3	305505
305.505	0.0	laughs at TV	10	305505
313.41	0.0	+313.844000	4	313410
313.41	0.0	offset	12	313410