onset	duration	trial_type	value	sample
0.0	0.0	+0.000000	1	0
0.0	0.0	Segment: REC START Par-Cac2 E	6	0
0.0	0.0	A1+A2 OFF	4	0
71.07	0.0	+71.177000	2	71070
71.07	0.0	sz onset #19	7	71070
80.5	0.0	+80.568000	3	80500
80.5	0.0	Offset	5	80500