onset	duration	trial_type	value	sample
0.0	0.0	+0.000000	1	0
0.0	0.0	Segment: REC START Par-Cac2 E	8	0
0.0	0.0	A1+A2 OFF	5	0
77.74	0.0	+77.858000	2	77740
77.74	0.0	SEIZURE #17 ONSET	7	77740
83.49	0.0	+83.575000	3	83490
83.49	0.0	Arousal and left sho	6	83490
86.25	0.0	+86.295000	4	86250
86.25	0.0	offset	9	86250