onset	duration	trial_type	value	sample
59.999146966386554	0.0	eeg sz start	2	29982
131.99932402941175	0.0	eeg sz end	1	65961