onset	duration	trial_type	value	sample
31.000159617647057	0.0	sz onset	2	15491
141.00059689495797	0.0	sz offset	1	70459