onset	duration	trial_type	value	sample
63.0009053697479	0.0	sz onset	2	31482
155.00079808823529	0.0	sz offset	1	77455