onset	duration	trial_type	value	sample
0.0	0.0	+0.000000	1	0
0.0	0.0	Segment: REC START Yela-Ref E	5	0
0.0	0.0	A1+A2 OFF	4	0
44.722	0.0	+44.997000	3	44722
44.722	0.0	onset	7	44722
133.787	0.0	+133.824000	2	133787
133.787	0.0	offset	6	133787