onset	duration	trial_type	value	sample
60.00027352941176	0.0	eeg sz start	2	59965
91.00049823529412	0.0	eeg sz end	1	90947