onset	duration	trial_type	value	sample
46.00004294117647	0.0	sz onset	2	45973
167.00017764705882	0.0	sz offset	1	166902