onset	duration	trial_type	value	sample
0.0	0.0	+0.000000	1	0
0.0	0.0	Segment: REC START Kelly EEG	10	0
0.0	0.0	A1+A2 OFF	8	0
104.78	0.0	+105.000000	2	104780
104.78	0.0	1ST CHANGE	7	104780
108.81	0.0	+109.000000	3	108810
108.81	0.0	onset	13	108810
116.87	0.0	+117.000000	4	116870
116.87	0.0	i'm having sz	11	116870
120.9	0.0	+121.000000	5	120900
120.9	0.0	L hd turn, L arm fle	9	120900
272.8	0.0	+273.000000	6	272800
272.8	0.0	offset	12	272800