onset	duration	trial_type	value	sample
0.0	0.0	+0.000000	1	0
0.0	0.0	Segment: REC START JOHNSON D	9	0
0.0	0.0	A1+A2 OFF	7	0
135.08	0.0	+135.187000	2	135080
135.08	0.0	asleep	10	135080
150.737	0.0	+150.909000	3	150737
150.737	0.0	sz	13	150737
169.464	0.0	+169.690000	4	169464
169.464	0.0	clinical onset	11	169464
221.04	0.0	+221.180000	5	221040
221.04	0.0	GTC	8	221040
275.379	0.0	+275.599000	6	275379
275.379	0.0	offset	12	275379