onset	duration	trial_type	value	sample
0.0	0.0	+0.000000	1	0
0.0	0.0	Segment: REC START JOHNSON D	9	0
0.0	0.0	A1+A2 OFF	7	0
118.502	0.0	+118.624000	2	118502
118.502	0.0	1st change	6	118502
120.958	0.0	+121.162000	3	120958
120.958	0.0	ictal onset	10	120958
167.008	0.0	+167.303000	4	167008
167.008	0.0	GTC	8	167008
228.715	0.0	+228.904000	5	228715
228.715	0.0	offset	11	228715