onset	duration	trial_type	value	sample
8.000686731092436	0.0	sz onset	2	3998
213.0007739579832	0.0	sz offset	1	106438