onset	duration	trial_type	value	sample
49.000704176470585	0.0	sz onset	2	24486
233.00048961344538	0.0	sz offset	1	116432