onset	duration	trial_type	value	sample
59.999146966386554	0.0	sz onset	2	29982
110.9990222394958	0.0	sz offset	1	55467