onset	duration	trial_type	value	sample
87.00014647058823	0.0	eeg sz start	2	86949
138.0001288235294	0.0	eeg sz end	1	137919