onset	duration	trial_type	value	sample
0.0	0.0	+0.000000	1	0
0.0	0.0	Segment: REC START TomiPintle	5	0
0.0	0.0	A1+A2 OFF	4	0
56.26500000000001	0.0	+56.307000	3	56265
56.26500000000001	0.0	onset	7	56265
207.32800000000003	0.0	+207.507000	2	207328
207.32800000000003	0.0	offset	6	207328