onset	duration	trial_type	value	sample
0.0	0.0	+0.000000	1	0
0.0	0.0	Segment: REC START TomiPintle	5	0
0.0	0.0	A1+A2 OFF	4	0
96.50300000000001	0.0	+96.811000	3	96503
96.50300000000001	0.0	onset	7	96503
200.16700000000003	0.0	+200.309000	2	200167
200.16700000000003	0.0	offset	6	200167