onset	duration	trial_type	value	sample
135.00036529411764	0.0	eeg sz start	2	134921
186.00034764705882	0.0	eeg sz end	1	185891