onset	duration	trial_type	value	sample
59.999146966386554	0.0	sz onset	2	14991
159.0011414537815	0.0	sz offset	1	39727