onset	duration	trial_type	value	sample
56.000804773109245	0.0	sz onset	2	13992
200.00115889915966	0.0	sz offset	1	49971