onset	duration	trial_type	value	sample
45.99894577310924	0.0	sz onset	2	11493
138.00083966386555	0.0	sz offset	1	34480