onset	duration	trial_type	value	sample
0.0	0.0	+0.000000	1	0
0.0	0.0	Segment: REC START ALL BP EEG	10	0
58.996	0.0	+59.000000	4	58996
58.996	0.0	SZ EVENT # (PB SZ)	8	58996
60.802	0.0	+61.000000	5	60802
60.802	0.0	Z SPIKES RPG 4/12 AS	13	60802
64.715	0.0	+65.000000	6	64715
64.715	0.0	z awakens	14	64715
65.919	0.0	+66.000000	7	65919
65.919	0.0	Z MAX SPIKING GRID	11	65919
108.962	0.0	+109.000000	2	108962
108.962	0.0	Z OVER	12	108962
156.821	0.0	+157.000000	3	156821
156.821	0.0	Schedule	9	156821