onset	duration	trial_type	value	sample
0.0	0.0	+0.000000	1	0
0.0	0.0	Segment: REC START ALL BP EEG	9	0
0.0	0.0	A1+A2 OFF	6	0
58.996	0.0	+59.000000	3	58996
58.996	0.0	SZ EVENT # (PB SZ)	7	58996
61.705	0.0	+62.000000	4	61705
61.705	0.0	Z SPK RPG 4/5/12/13	10	61705
64.715	0.0	+65.000000	5	64715
64.715	0.0	z hypermotor arousal	11	64715
142.975	0.0	+143.000000	2	142975
142.975	0.0	Schedule	8	142975