onset	duration	trial_type	value	sample
0.0	0.0	+0.000000	1	0
0.0	0.0	Segment: REC START ALL BP EEG	9	0
27.993	0.0	+28.000000	2	27993
27.993	0.0	Schedule	8	27993
58.996	0.0	+59.000000	3	58996
58.996	0.0	SZ EVENT # (PB SZ)	7	58996
59.899	0.0	+60.000000	4	59899
59.899	0.0	Z SPIKING RPG 4/12 P	10	59899
64.715	0.0	+65.000000	5	64715
64.715	0.0	z awakens, motor beh	12	64715
81.872	0.0	+82.000000	6	81872
81.872	0.0	z L facial grimacing	11	81872