onset	duration	trial_type	value	sample
0.0	0.0	+0.000000	1	0
0.0	0.0	Segment: REC START  REC EEG	6	0
57.792	0.0	+58.000000	2	57792
57.792	0.0	Z SPIKES RPG4/12, AS	9	57792
62.909	0.0	+63.000000	3	62909
62.909	0.0	SZ EVENT # (PB SZ)	5	62909
68.929	0.0	+69.000000	4	68929
68.929	0.0	Z FAST SPIKES RPG 4/	7	68929
69.0	0.0	Z SPIKES ASI3, PSI 5	8	69000