onset	duration	trial_type	value	sample
0.0	0.0	+0.000000	1	0
0.0	0.0	Segment: REC START Harmon Ref	5	0
0.0	0.0	A1+A2 OFF	4	0
67.62	0.0	+67.717000	3	67620
67.62	0.0	start	7	67620
167.67	0.0	+167.783000	2	167670
167.67	0.0	end	6	167670