onset	duration	trial_type	value	sample
51.99957	0.0	sz onset	2	51969
237.9999176470588	0.0	sz offset	1	237860