onset	duration	trial_type	value	sample
64.99807529411764	0.0	sz onset	2	16240
142.99976799159663	0.0	sz offset	1	35729